{
  "train_loss": [
    0.1588576156352893,
    0.021099733335308422,
    0.018035131054950373,
    0.02968177252258567,
    0.01196992407301081,
    0.011210708838297275,
    0.009781511951483073,
    0.00544446880478833,
    0.014853255509482816,
    0.02404514428005635,
    0.004582306616241362,
    0.00479933817896563,
    0.0037787820523400234,
    0.0019900847324913797,
    0.005532140237989886,
    0.004831125595872837,
    0.0015982383202326061,
    0.0010235767011452087,
    0.0009279633241919441,
    0.00038508910097757464
  ],
  "train_acc": [
    94.77825464949929,
    99.35622317596567,
    99.49928469241775,
    98.78397711015737,
    99.64234620886981,
    99.57081545064378,
    99.78540772532189,
    99.92846924177397,
    99.49928469241775,
    98.92703862660944,
    99.92846924177397,
    99.71387696709586,
    99.92846924177397,
    99.92846924177397,
    99.78540772532189,
    99.85693848354792,
    100.0,
    100.0,
    100.0,
    100.0
  ],
  "val_loss": [
    0.19896071476001675,
    0.026844224149973884,
    0.1391205168839705,
    0.004496350262524479,
    0.06935563332020642,
    0.0016321688851780967,
    0.015346206090354246,
    0.003590839070289634,
    0.0011453229896847988,
    0.012242009925139307,
    0.0004927531005412439,
    0.002683646961090548,
    0.0003642680555074615,
    0.0010409014209783157,
    0.0024665029819256495,
    0.0018934118183870394,
    0.00036150657229954715,
    0.00016964680013986324,
    0.00014181749754675442,
    0.0001450759098413354
  ],
  "val_acc": [
    90.69767441860465,
    99.00332225913621,
    92.0265780730897,
    100.0,
    97.00996677740864,
    100.0,
    99.66777408637874,
    99.66777408637874,
    100.0,
    99.33554817275747,
    100.0,
    100.0,
    100.0,
    100.0,
    100.0,
    100.0,
    100.0,
    100.0,
    100.0,
    100.0
  ],
  "learning_rates": [
    0.001,
    0.001,
    0.001,
    0.001,
    0.001,
    0.001,
    0.001,
    0.001,
    0.001,
    0.001,
    0.001,
    0.001,
    0.001,
    0.001,
    0.001,
    0.001,
    0.001,
    0.001,
    0.001,
    0.001
  ]
}